{
  "model_name": "awfno_v2_cross",
  "fusion_type": "cross",
  "se_reduction": 4,
  "downsample_factor": 4,
  "lr_resolution": 256,
  "hr_resolution": 1024,
  "n_params": 5044307,
  "rel_l2_per_field": {
    "Vx": 0.02533240057528019,
    "density": 0.05542447790503502,
    "pressure": 0.04110117256641388
  },
  "rel_l2_mean": 0.0406193503489097,
  "epochs_trained": 500,
  "batch_size": 16,
  "learning_rate": 0.001,
  "architecture": "AWFNOv2Enhanced"
}